{"cameraMode":{"drawMode":0,"name":"Shaded","section":"Shading Mode"},"sceneLighting":false,"audioPlay":false,"sceneViewState":{"m_AlwaysRefresh":false,"showFog":true,"showSkybox":false,"showFlares":true,"showImageEffects":true,"showParticleSystems":true,"showVisualEffectGraphs":true,"m_FxEnabled":true},"in2DMode":false,"pivot":{"x":0.8263053894042969,"y":37.43027877807617,"z":0.011737823486328125},"rotation":{"x":0.1542266309261322,"y":0.6665721535682678,"z":-0.14371778070926667,"w":0.7150444388389587},"size":50.64275360107422,"orthographic":true}