{"cameraMode":{"drawMode":0,"name":"Shaded","section":"Shading Mode"},"sceneLighting":true,"audioPlay":false,"sceneViewState":{"m_AlwaysRefresh":false,"showFog":true,"showSkybox":true,"showFlares":true,"showImageEffects":true,"showParticleSystems":true,"showVisualEffectGraphs":true,"m_FxEnabled":true},"in2DMode":false,"pivot":{"x":-0.025455355644226075,"y":1.4167330265045167,"z":95.12401580810547},"rotation":{"x":0.17718085646629334,"y":0.0858096182346344,"z":-0.01551581360399723,"w":0.9803125858306885},"size":1.640215277671814,"orthographic":false}