{"cameraMode":{"drawMode":0,"name":"Shaded","section":"Shading Mode"},"sceneLighting":true,"audioPlay":false,"sceneViewState":{"m_AlwaysRefresh":false,"showFog":true,"showSkybox":true,"showFlares":true,"showImageEffects":true,"showParticleSystems":true,"showVisualEffectGraphs":true,"m_FxEnabled":true},"in2DMode":false,"pivot":{"x":-0.025455355644226075,"y":2.2622482776641847,"z":0.011221170425415039},"rotation":{"x":-0.090109683573246,"y":-0.04122230410575867,"z":0.0037329092156141998,"w":-0.9950714707374573},"size":0.7175901532173157,"orthographic":false}