{"cameraMode":{"drawMode":0,"name":"Shaded","section":"Shading Mode"},"sceneLighting":false,"audioPlay":false,"sceneViewState":{"m_AlwaysRefresh":false,"showFog":true,"showSkybox":false,"showFlares":true,"showImageEffects":true,"showParticleSystems":true,"showVisualEffectGraphs":true,"m_FxEnabled":true},"in2DMode":false,"pivot":{"x":-0.4842348098754883,"y":2.2910571098327638,"z":0.2384333610534668},"rotation":{"x":0.17718085646629334,"y":0.0858096182346344,"z":-0.01551581360399723,"w":0.9803125858306885},"size":10.751644134521485,"orthographic":false}