{"cameraMode":{"drawMode":0,"name":"Shaded","section":"Shading Mode"},"sceneLighting":true,"audioPlay":false,"sceneViewState":{"m_AlwaysRefresh":false,"showFog":true,"showSkybox":true,"showFlares":true,"showImageEffects":true,"showParticleSystems":true,"showVisualEffectGraphs":true,"m_FxEnabled":true},"in2DMode":false,"pivot":{"x":1.5226926803588868,"y":5.7316718101501469,"z":5.091314315795898},"rotation":{"x":-0.18952681124210359,"y":0.03592522814869881,"z":-0.006939321290701628,"w":-0.9811935424804688},"size":0.0006804036092944443,"orthographic":false}