{"cameraMode":{"drawMode":0,"name":"Shaded","section":"Shading Mode"},"sceneLighting":false,"audioPlay":false,"sceneViewState":{"m_AlwaysRefresh":false,"showFog":true,"showSkybox":false,"showFlares":true,"showImageEffects":true,"showParticleSystems":true,"showVisualEffectGraphs":true,"m_FxEnabled":true},"in2DMode":false,"pivot":{"x":0.8952522277832031,"y":51.212013244628909,"z":-1.8131484985351563},"rotation":{"x":0.1542266309261322,"y":0.6665721535682678,"z":-0.14371778070926667,"w":0.7150444388389587},"size":61.769264221191409,"orthographic":true}