{"cameraMode":{"drawMode":0,"name":"Shaded","section":"Shading Mode"},"sceneLighting":false,"audioPlay":false,"sceneViewState":{"m_AlwaysRefresh":false,"showFog":true,"showSkybox":false,"showFlares":true,"showImageEffects":true,"showParticleSystems":true,"showVisualEffectGraphs":true,"m_FxEnabled":true},"in2DMode":false,"pivot":{"x":-0.6908950805664063,"y":34.99788284301758,"z":0.45801544189453127},"rotation":{"x":0.1542266309261322,"y":0.6665721535682678,"z":-0.14371778070926667,"w":0.7150444388389587},"size":46.310298919677737,"orthographic":true}