{"cameraMode":{"drawMode":0,"name":"Shaded","section":"Shading Mode"},"sceneLighting":false,"audioPlay":false,"sceneViewState":{"m_AlwaysRefresh":false,"showFog":true,"showSkybox":false,"showFlares":true,"showImageEffects":true,"showParticleSystems":true,"showVisualEffectGraphs":true,"m_FxEnabled":true},"in2DMode":false,"pivot":{"x":-6.548147201538086,"y":7.442910194396973,"z":5.8899431228637699},"rotation":{"x":0.08990510553121567,"y":-0.07878445833921433,"z":0.007127470336854458,"w":0.9928097128868103},"size":11.151113510131836,"orthographic":false}